variable,count,mean,std,min,25%,50%,75%,max,original
dummy1,1000.0,0.0005782719141223603,0.010280680348069369,-0.0289692508034242,-0.006540969640968576,0.0005235812474921,0.007492596538978175,0.0372973251313908,0.0054822266341147
dummy2,1000.0,0.0003879373323383144,0.009977925842813684,-0.0377264750097623,-0.006489338251978575,0.00025399151648915,0.007451658187827375,0.0290817218036139,-0.001842836686599
x1,1000.0,0.07863990350699952,3.0722792958166516,-11.33899126831174,-1.783443770903197,0.0459849087136643,1.921752175279975,28.20516528284053,28.20516528284053
x2,1000.0,0.09738579825182012,7.863856129008361,-20.685868885242296,-5.086589995936998,0.012231923583290498,5.10772089216071,75.05189272318388,75.05189272318388
x3,1000.0,0.0346989108300643,1.809127567339809,-5.22258373134234,-1.1371991641407968,0.0513790093252879,1.2391190121449114,17.755536084808327,17.755536084808327
